winner_name,wins,aces,double_faults,service_points,1st_serves_made,1st_serve_points_won,2nd_serve_points_won,service_games_won,break_points_saved,break_points_faced,height
Abedallah Shelbayh,1,3.0,2.0,55.0,33.0,24.0,8.0,9.0,4.0,7.0,
Adolfo Daniel Vallejo,2,,,,,,,,,,
Adrian Mannarino,58,6.410714285714286,2.0,77.30357142857143,46.857142857142854,35.232142857142854,17.767857142857142,12.303571428571429,3.6785714285714284,5.125,183.0
Ainius Sabaliauskas,1,,,,,,,,,,
Aisam Ul Haq Qureshi,1,6.0,5.0,65.0,38.0,32.0,17.0,11.0,0.0,0.0,183.0
Alastair Gray,1,7.0,4.0,117.0,73.0,55.0,25.0,15.0,9.0,10.0,
Albert Ramos,36,3.2857142857142856,1.457142857142857,77.85714285714286,51.371428571428574,35.42857142857143,15.142857142857142,11.971428571428572,4.771428571428571,6.6571428571428575,188.0
Alejandro Davidovich Fokina,50,3.46,2.48,81.18,53.46,37.62,15.36,12.7,3.84,5.92,183.0
Alejandro Tabilo,20,6.473684210526316,2.4210526315789473,72.47368421052632,47.21052631578947,35.473684210526315,13.421052631578947,11.526315789473685,3.210526315789474,4.842105263157895,188.0
Aleksandar Kovacevic,6,10.5,2.5,85.83333333333333,53.833333333333336,43.333333333333336,16.0,13.5,4.333333333333333,5.833333333333333,
Aleksandar Vukic,16,11.1875,2.0625,88.3125,52.875,41.75,20.5,14.4375,1.9375,3.3125,188.0
Aleksandre Bakshi,1,,,,,,,,,,
Alex De Minaur,84,3.74025974025974,2.220779220779221,73.25974025974025,42.15584415584416,31.22077922077922,17.90909090909091,11.831168831168831,3.2467532467532467,4.8311688311688314,183.0
Alex Knaff,2,,,,,,,,,,
Alex Michelsen,7,5.142857142857143,1.7142857142857142,80.85714285714286,53.142857142857146,39.42857142857143,15.857142857142858,12.714285714285714,3.142857142857143,4.285714285714286,
Alex Molcan,40,3.473684210526316,2.263157894736842,84.76315789473684,55.94736842105263,38.55263157894737,16.57894736842105,13.105263157894736,4.394736842105263,6.605263157894737,178.0
Alexandar Lazarov,2,6.0,1.0,66.0,43.0,32.0,15.0,11.0,1.0,2.0,185.0
Alexander Bublik,49,13.791666666666666,6.041666666666667,74.77083333333333,45.020833333333336,37.479166666666664,14.854166666666666,12.333333333333334,2.5416666666666665,3.7291666666666665,196.0
Alexander Ritschard,4,4.333333333333333,1.0,70.0,38.333333333333336,31.0,15.333333333333334,10.666666666666666,4.333333333333333,5.666666666666667,
Alexander Shevchenko,8,4.25,3.5,75.0,39.25,28.125,19.125,11.5,5.625,7.75,
Alexander Zverev,71,8.314285714285715,3.2142857142857144,77.35714285714286,54.32857142857143,41.52857142857143,11.928571428571429,12.628571428571428,3.1142857142857143,4.428571428571429,198.0
Alexandre Muller,8,3.375,2.125,78.0,52.25,36.0,13.875,12.375,3.5,5.875,183.0
Alexei Popyrin,26,9.48,3.28,83.72,51.16,40.84,17.8,13.12,2.88,3.92,196.0
Aljaz Bedene,4,11.0,3.6666666666666665,116.66666666666667,62.666666666666664,47.666666666666664,30.333333333333332,18.666666666666668,6.666666666666667,9.333333333333334,181.0
Altug Celikbilek,4,10.666666666666666,2.6666666666666665,67.66666666666667,43.333333333333336,35.0,12.0,11.0,3.6666666666666665,4.666666666666667,183.0
Amr Elsayed Abdou Ahmed Mohamed,2,3.0,3.0,63.0,38.0,29.0,14.0,9.0,5.0,5.0,
Andrea Vavassori,4,6.25,5.5,122.25,74.5,53.75,24.0,17.0,7.25,10.25,193.0
Andreas Seppi,2,6.5,4.0,79.5,48.5,35.0,14.0,13.0,3.0,6.0,190.0
Andres Martin,1,2.0,1.0,52.0,34.0,28.0,11.0,9.0,2.0,2.0,
Andrey Rublev,95,8.031578947368422,1.9263157894736842,80.97894736842105,50.02105263157895,38.85263157894737,16.873684210526317,13.157894736842104,3.294736842105263,4.7894736842105265,188.0
Andy Murray,39,6.815789473684211,2.0789473684210527,85.60526315789474,53.55263157894737,40.36842105263158,18.026315789473685,13.605263157894736,3.0526315789473686,4.7105263157894735,190.0
Antoine Bellier,4,8.75,6.25,80.0,52.0,42.0,12.0,11.5,5.5,6.5,196.0
Aqeel Khan,1,8.0,4.0,96.0,59.0,47.0,21.0,15.0,6.0,8.0,
Aristotelis Thanos,1,0.0,4.0,70.0,48.0,35.0,12.0,10.0,5.0,5.0,
Arklon Huertas Del Pino,1,,,,,,,,,,
Arthur Fils,16,6.214285714285714,3.0714285714285716,74.07142857142857,45.142857142857146,34.142857142857146,15.071428571428571,11.642857142857142,3.9285714285714284,5.5,185.0
Arthur Rinderknech,33,11.090909090909092,2.0303030303030303,80.93939393939394,53.45454545454545,41.72727272727273,14.545454545454545,12.757575757575758,3.3333333333333335,4.333333333333333,196.0
Aslan Karatsev,32,5.4375,4.15625,83.875,50.4375,38.34375,18.25,12.90625,4.375,5.875,185.0
Ben Shelton,20,12.0,4.25,88.05,56.7,45.0,18.15,15.05,3.05,4.55,
Benjamin Bonzi,36,7.888888888888889,2.2222222222222223,73.80555555555556,45.75,36.25,15.88888888888889,12.25,2.861111111111111,3.888888888888889,185.0
Benjamin Hassan,2,,,,,,,,,,183.0
Benoit Paire,4,15.75,8.5,115.5,60.25,49.75,28.75,19.0,3.75,6.25,196.0
Bernabe Zapata Miralles,27,2.1481481481481484,1.5925925925925926,78.18518518518519,53.370370370370374,36.0,13.37037037037037,12.148148148148149,4.333333333333333,6.777777777777778,185.0
Blaise Bicknell,3,1.0,4.0,63.0,38.0,31.0,11.0,11.0,3.0,5.0,188.0
Bor Artnak,1,,,,,,,,,,
Borna Coric,42,7.194444444444445,1.8888888888888888,79.16666666666667,47.77777777777778,37.888888888888886,17.63888888888889,12.75,3.5,4.722222222222222,188.0
Borna Gojo,11,12.11111111111111,2.7777777777777777,92.22222222222223,61.666666666666664,48.666666666666664,16.0,15.11111111111111,2.2222222222222223,3.7777777777777777,196.0
Botic Van De Zandschulp,53,6.56,3.74,80.0,51.2,38.0,14.76,12.48,4.16,6.1,188.0
Brandon Holt,2,7.0,2.5,150.0,95.5,63.0,30.5,22.0,7.5,11.5,
Brandon Nakashima,46,8.478260869565217,1.2826086956521738,77.0,50.69565217391305,39.391304347826086,14.91304347826087,12.41304347826087,2.717391304347826,4.0,185.0
Cameron Norrie,83,5.1125,1.95,79.85,52.775,38.7625,14.9875,12.8375,3.9375,5.6875,188.0
Camilo Ugo Carabelli,2,3.5,1.5,119.0,81.5,49.5,18.5,18.0,2.5,8.5,
Carlos Alcaraz,115,3.912280701754386,2.254385964912281,76.8859649122807,50.43859649122807,37.01754385964912,15.18421052631579,12.508771929824562,3.1315789473684212,4.640350877192983,185.0
Carlos Taberner,5,2.2,2.2,55.0,37.6,27.6,9.0,8.0,2.8,3.4,183.0
Casper Ruud,81,5.531645569620253,2.151898734177215,80.48101265822785,52.20253164556962,39.55696202531646,16.329113924050635,13.227848101265822,3.278481012658228,4.6835443037974684,183.0
Cedrik Marcel Stebe,1,15.0,3.0,107.0,59.0,47.0,20.0,15.0,5.0,8.0,183.0
Cem Ilkel,2,8.0,1.0,84.0,54.0,40.0,17.0,12.0,2.0,4.0,185.0
Chris Rodesch,1,,,,,,,,,,
Christian Harrison,1,7.0,3.0,103.0,70.0,50.0,20.0,18.0,0.0,2.0,178.0
Christopher Eubanks,24,14.458333333333334,3.0833333333333335,92.79166666666667,65.29166666666667,51.583333333333336,14.541666666666666,15.375,3.4583333333333335,4.625,201.0
Christopher Oconnell,22,8.363636363636363,2.0454545454545454,84.63636363636364,53.18181818181818,39.95454545454545,16.863636363636363,13.272727272727273,3.909090909090909,5.590909090909091,183.0
Christopher Rungkat,1,,,,,,,,,,170.0
Chun Hsin Tseng,3,1.6666666666666667,2.3333333333333335,53.666666666666664,31.333333333333332,22.0,12.666666666666666,9.0,2.0,3.6666666666666665,175.0
Coleman Wong,2,2.0,2.0,68.0,38.0,24.0,18.0,10.0,6.0,8.0,
Colin Sinclair,1,,,,,,,,,,
Conner Huertas Del Pino,1,,,,,,,,,,
Constant Lestienne,12,5.333333333333333,3.6666666666666665,84.08333333333333,53.25,40.0,14.416666666666666,12.583333333333334,4.083333333333333,6.166666666666667,180.0
Corentin Moutet,20,3.35,3.1,92.95,61.6,42.95,16.6,14.25,4.4,6.6,178.0
Cristian Garin,35,4.0,3.3823529411764706,91.05882352941177,56.05882352941177,39.970588235294116,18.676470588235293,13.852941176470589,4.5588235294117645,7.0,185.0
Dalibor Svrcina,1,0.0,4.0,69.0,48.0,37.0,12.0,13.0,4.0,5.0,
Damir Dzumhur,5,2.0,1.75,73.5,51.0,33.25,12.0,11.25,2.75,5.0,172.0
Daniel Altmaier,17,6.882352941176471,2.5294117647058822,86.52941176470588,57.35294117647059,41.705882352941174,15.235294117647058,12.882352941176471,4.411764705882353,6.117647058823529,191.0
Daniel Cukierman,1,,,,,,,,,,
Daniel Elahi Galan,22,6.05,1.45,87.85,54.4,38.7,17.6,13.8,3.8,6.2,191.0
Daniel Evans,46,4.704545454545454,2.1136363636363638,67.22727272727273,41.86363636363637,31.863636363636363,14.886363636363637,11.431818181818182,2.909090909090909,4.204545454545454,175.0
Daniil Medvedev,101,7.84,3.76,72.91,47.29,36.77,13.29,11.73,3.19,4.4,198.0
Darian King,4,,,,,,,,,,188.0
David Goffin,36,5.151515151515151,3.242424242424242,82.06060606060606,47.18181818181818,35.15151515151515,19.393939393939394,13.090909090909092,4.03030303030303,6.0606060606060606,180.0
Denis Istomin,1,7.0,3.0,55.0,40.0,34.0,9.0,9.0,1.0,1.0,188.0
Denis Kudla,10,4.555555555555555,2.0,86.11111111111111,53.55555555555556,38.111111111111114,17.11111111111111,14.11111111111111,4.333333333333333,7.222222222222222,180.0
Denis Shapovalov,47,9.41304347826087,5.956521739130435,86.67391304347827,52.82608695652174,41.80434782608695,18.32608695652174,14.304347826086957,3.4565217391304346,5.0,185.0
Dennis Novak,2,13.0,4.0,117.0,78.0,60.0,23.0,20.0,3.0,6.0,183.0
Diego Fernandez Flores,1,1.0,1.0,61.0,38.0,32.0,14.0,11.0,2.0,4.0,
Diego Schwartzman,40,1.475,3.375,87.175,58.625,38.5,14.825,13.125,5.375,8.4,170.0
Dimitar Kuzmanov,4,1.6666666666666667,1.0,48.333333333333336,31.666666666666668,23.333333333333332,12.0,8.0,1.6666666666666667,1.6666666666666667,183.0
Dino Prizmic,2,1.0,2.0,48.0,27.0,22.0,13.5,8.5,1.0,1.0,
Dominic Stricker,12,11.833333333333334,3.3333333333333335,102.91666666666667,59.666666666666664,46.833333333333336,24.083333333333332,16.5,3.8333333333333335,5.833333333333333,180.0
Dominic Thiem,32,4.84375,2.5,73.90625,46.3125,33.84375,15.40625,11.8125,2.875,4.65625,185.0
Dominik Koepfer,10,5.8,3.4,79.8,50.8,37.0,17.0,12.9,5.5,7.8,180.0
Dusan Lajovic,30,3.5172413793103448,1.3103448275862069,79.89655172413794,54.793103448275865,39.44827586206897,12.206896551724139,12.206896551724139,4.310344827586207,6.379310344827586,180.0
Edan Leshem,1,1.0,0.0,51.0,33.0,30.0,9.0,9.0,3.0,3.0,183.0
Edas Butvilas,1,,,,,,,,,,
Eero Vasa,1,,,,,,,,,,
Egor Gerasimov,4,5.25,2.25,75.5,50.0,37.75,12.75,12.5,3.75,5.5,196.0
Elias Ymer,15,5.833333333333333,3.0833333333333335,73.91666666666667,44.666666666666664,34.416666666666664,16.166666666666668,11.583333333333334,4.0,5.333333333333333,183.0
Elmer Moller,1,,,,,,,,,,
Emil Ruusuvuori,58,5.148148148148148,2.5185185185185186,73.83333333333333,48.333333333333336,35.75925925925926,14.11111111111111,11.685185185185185,3.425925925925926,4.925925925925926,188.0
Emilio Gomez,6,4.75,3.0,87.75,55.5,42.0,14.5,14.0,5.0,8.25,185.0
Emilio Nava,2,10.5,7.5,119.0,72.5,53.5,28.0,18.0,6.0,8.5,183.0
Enzo Couacaud,1,4.0,1.0,80.0,47.0,37.0,18.0,14.0,2.0,4.0,183.0
Ergi Kirkin,1,,,,,,,,,,180.0
Ernests Gulbis,1,,,,,,,,,,190.0
Ethan Quinn,1,5.0,1.0,47.0,30.0,25.0,9.0,8.0,3.0,3.0,
Fabian Marozsan,5,4.6,1.2,92.4,60.0,43.0,19.0,14.6,3.2,5.0,191.0
Fabio Fognini,25,4.08,3.72,86.32,51.92,36.32,18.24,12.76,5.16,7.48,178.0
Facundo Bagnis,9,5.444444444444445,1.6666666666666667,64.77777777777777,42.666666666666664,31.11111111111111,13.222222222222221,10.555555555555555,3.6666666666666665,5.0,183.0
Facundo Diaz Acosta,2,2.5,3.0,79.0,49.5,35.0,15.5,13.0,3.0,5.5,183.0
Federico Coria,22,3.9545454545454546,2.090909090909091,72.68181818181819,49.95454545454545,35.0,12.454545454545455,11.772727272727273,4.2272727272727275,6.409090909090909,180.0
Federico Delbonis,11,3.6363636363636362,2.8181818181818183,69.81818181818181,48.81818181818182,35.0,11.818181818181818,11.272727272727273,3.1818181818181817,4.818181818181818,190.0
Feliciano Lopez,3,11.0,3.3333333333333335,72.33333333333333,44.0,36.0,15.333333333333334,12.0,4.666666666666667,6.0,188.0
Felipe Meligeni Alves,3,10.333333333333334,1.3333333333333333,78.33333333333333,54.666666666666664,42.666666666666664,10.0,11.333333333333334,4.666666666666667,5.666666666666667,185.0
Felix Auger Aliassime,74,11.205882352941176,3.4411764705882355,76.98529411764706,48.98529411764706,38.94117647058823,14.75,12.5,3.1176470588235294,4.367647058823529,193.0
Fernando Verdasco,5,3.8,2.4,79.8,51.2,36.4,15.0,12.0,4.6,6.6,188.0
Filip Cristian Jianu,2,,,,,,,,,,180.0
Filip Horansky,1,1.0,2.0,66.0,49.0,34.0,10.0,11.0,0.0,2.0,175.0
Filip Krajinovic,22,5.2727272727272725,1.5,85.5,56.45454545454545,41.22727272727273,16.636363636363637,13.590909090909092,3.909090909090909,5.636363636363637,185.0
Filip Misolic,7,4.0,2.6666666666666665,84.66666666666667,50.333333333333336,36.833333333333336,17.0,12.333333333333334,5.833333333333333,8.5,
Fitriadi M Rifqi,1,,,,,,,,,,
Flavio Cobolli,4,3.25,1.75,67.25,37.0,27.75,16.25,10.25,4.75,6.25,
Frances Tiafoe,72,9.394366197183098,2.056338028169014,82.11267605633803,48.25352112676056,37.774647887323944,19.112676056338028,13.211267605633802,3.3380281690140845,4.647887323943662,188.0
Francesco Passaro,4,4.75,5.25,81.25,46.75,35.75,18.5,12.25,3.5,5.5,
Francisco Cerundolo,56,3.381818181818182,3.309090909090909,79.0,50.67272727272727,35.50909090909091,14.872727272727273,12.181818181818182,4.654545454545454,6.781818181818182,185.0
Franco Agamenone,3,1.3333333333333333,2.3333333333333335,82.0,54.666666666666664,36.0,15.0,12.333333333333334,6.666666666666667,9.666666666666666,
Gabriel Diallo,1,8.0,3.0,69.0,44.0,34.0,14.0,12.0,2.0,4.0,
Gael Monfils,23,8.391304347826088,4.043478260869565,75.95652173913044,45.73913043478261,35.56521739130435,15.91304347826087,12.217391304347826,3.3043478260869565,4.6521739130434785,193.0
Genaro Alberto Olivieri,2,3.0,3.0,157.0,114.0,78.5,23.5,24.0,6.5,11.0,
Gianluca Mager,2,8.5,3.5,94.0,58.5,45.5,18.0,15.0,3.5,5.0,185.0
Gijs Brouwer,11,4.545454545454546,1.7272727272727273,66.81818181818181,46.81818181818182,34.36363636363637,11.181818181818182,10.636363636363637,2.6363636363636362,3.4545454545454546,
Gilles Simon,7,4.0,2.5714285714285716,99.85714285714286,63.142857142857146,43.285714285714285,19.857142857142858,15.428571428571429,5.285714285714286,8.857142857142858,183.0
Giulio Zeppieri,4,5.75,2.25,91.25,55.5,40.75,22.0,15.25,3.5,5.0,185.0
Gonzalo Bueno,1,,,,,,,,,,
Gregoire Barrere,20,5.25,2.2,84.65,52.75,39.65,17.8,13.35,3.15,4.9,183.0
Grigor Dimitrov,54,7.830188679245283,3.0754716981132075,74.50943396226415,45.679245283018865,36.9811320754717,15.660377358490566,12.433962264150944,2.4150943396226414,3.6037735849056602,188.0
Guido Andreozzi,1,4.0,3.0,77.0,44.0,37.0,22.0,15.0,4.0,6.0,183.0
Guido Pella,9,4.333333333333333,2.5555555555555554,108.66666666666667,76.33333333333333,53.0,17.666666666666668,16.444444444444443,6.888888888888889,9.333333333333334,185.0
Gustavo Heide,1,,,,,,,,,,
Hady Habib,2,,,,,,,,,,
Hamad Medjedovic,4,7.0,6.0,79.33333333333333,45.0,32.666666666666664,16.666666666666668,12.666666666666666,5.0,7.0,185.0
Harold Mayot,1,15.0,1.0,100.0,68.0,53.0,18.0,16.0,7.0,8.0,178.0
Henri Laaksonen,3,5.0,3.3333333333333335,113.66666666666667,76.0,49.333333333333336,17.666666666666668,16.0,9.0,13.666666666666666,185.0
Hiroki Moriya,1,2.0,1.0,50.0,35.0,27.0,6.0,8.0,4.0,5.0,170.0
Holger Rune,79,4.878378378378378,3.2162162162162162,76.01351351351352,49.37837837837838,37.229729729729726,15.054054054054054,12.297297297297296,3.2027027027027026,4.445945945945946,185.0
Hong Kit Jack Wong,1,4.0,8.0,56.0,33.0,20.0,13.0,11.0,3.0,7.0,
Hubert Hurkacz,73,14.767123287671232,1.904109589041096,84.75342465753425,54.6986301369863,44.10958904109589,16.753424657534246,14.0,2.808219178082192,3.9315068493150687,196.0
Hugo Dellien,9,2.2222222222222223,1.0,66.33333333333333,48.55555555555556,35.22222222222222,10.0,10.666666666666666,1.8888888888888888,2.7777777777777777,180.0
Hugo Gaston,13,3.6923076923076925,2.076923076923077,86.3076923076923,46.0,33.0,22.615384615384617,13.615384615384615,4.461538461538462,7.0,173.0
Hugo Grenier,4,8.75,4.0,110.0,69.75,53.0,21.25,16.75,4.25,6.5,196.0
Ilya Ivashka,31,4.903225806451613,2.5806451612903225,84.35483870967742,52.96774193548387,38.61290322580645,17.129032258064516,13.258064516129032,3.3548387096774195,5.258064516129032,193.0
Ivan Gakhov,1,7.0,4.0,98.0,55.0,39.0,21.0,15.0,4.0,8.0,
J J Wolf,37,8.18918918918919,2.5405405405405403,72.1891891891892,44.054054054054056,33.86486486486486,15.81081081081081,11.891891891891891,3.0,4.243243243243243,183.0
Jack Draper,33,7.545454545454546,2.515151515151515,62.93939393939394,37.03030303030303,29.87878787878788,14.212121212121213,10.454545454545455,2.9696969696969697,3.8181818181818183,191.0
Jack Sock,9,5.555555555555555,4.222222222222222,81.33333333333333,50.888888888888886,38.333333333333336,15.333333333333334,12.666666666666666,4.333333333333333,6.111111111111111,185.0
Jacopo Berrettini,1,3.0,5.0,74.0,48.0,36.0,11.0,11.0,3.0,5.0,
Jakub Mensik,2,11.0,3.5,118.0,58.5,48.0,35.5,19.5,2.0,3.5,
James Duckworth,9,10.333333333333334,2.2222222222222223,85.22222222222223,49.77777777777778,39.333333333333336,19.22222222222222,14.333333333333334,3.3333333333333335,5.111111111111111,183.0
Jan Choinski,1,8.0,2.0,128.0,88.0,57.0,24.0,20.0,6.0,11.0,
Jan Lennard Struff,24,10.65,3.15,78.9,46.15,36.9,18.35,12.75,3.6,4.9,193.0
Jannik Sinner,93,6.377777777777778,2.3666666666666667,77.5111111111111,45.233333333333334,35.044444444444444,18.322222222222223,12.811111111111112,3.3777777777777778,4.8,188.0
Jason Jung,1,2.0,2.0,87.0,53.0,35.0,21.0,14.0,3.0,6.0,178.0
Jason Kubler,24,6.608695652173913,2.8260869565217392,87.91304347826087,55.82608695652174,42.17391304347826,17.91304347826087,13.91304347826087,3.0434782608695654,4.565217391304348,178.0
Jaume Munar,33,3.3636363636363638,2.9696969696969697,72.51515151515152,48.0,33.90909090909091,13.030303030303031,11.333333333333334,3.5454545454545454,5.515151515151516,183.0
Jenson Brooksby,30,3.8275862068965516,1.2413793103448276,76.86206896551724,49.86206896551724,35.689655172413794,15.10344827586207,11.827586206896552,3.9310344827586206,5.448275862068965,188.0
Jeremy Chardy,1,7.0,14.0,157.0,96.0,65.0,26.0,18.0,21.0,26.0,188.0
Jiri Lehecka,43,5.921052631578948,2.0789473684210527,79.52631578947368,51.63157894736842,38.921052631578945,15.868421052631579,13.052631578947368,3.1315789473684212,4.605263157894737,185.0
Jiri Vesely,11,15.272727272727273,6.7272727272727275,100.0909090909091,63.27272727272727,50.54545454545455,18.90909090909091,16.454545454545453,4.7272727272727275,6.7272727272727275,198.0
Jo-Wilfried Tsonga,2,9.0,2.5,54.5,31.5,27.0,13.0,9.5,3.0,3.5,188.0
Joao Sousa,18,4.8125,2.5,89.6875,53.75,38.9375,19.375,13.75,4.125,6.4375,185.0
Johan Nikles,1,1.0,0.0,112.0,76.0,49.0,20.0,18.0,6.0,10.0,170.0
Johannes Ingildsen,1,,,,,,,,,,
Johannes Seeman,1,,,,,,,,,,
John Isner,32,22.59375,2.4375,88.0,60.875,50.1875,15.78125,14.8125,2.40625,3.125,206.0
John Millman,11,4.545454545454546,1.5454545454545454,93.27272727272727,60.72727272727273,44.27272727272727,19.818181818181817,14.636363636363637,2.727272727272727,4.181818181818182,183.0
Jordan Thompson,27,7.653846153846154,1.1923076923076923,70.96153846153847,44.61538461538461,34.76923076923077,16.23076923076923,12.26923076923077,2.3461538461538463,3.4615384615384617,183.0
Jozef Kovalik,4,2.5,2.0,87.75,62.25,40.0,12.0,12.75,4.75,8.25,183.0
Juan Alejandro Hernandez Serrano,1,5.0,3.0,80.0,46.0,29.0,16.0,14.0,4.0,10.0,
Juan Ignacio Londero,4,5.25,1.0,73.0,46.25,35.0,14.75,12.0,3.5,5.0,180.0
Juan Manuel Cerundolo,10,4.0,4.5,87.2,53.6,38.8,16.3,13.2,5.1,7.5,183.0
Juan Pablo Ficovich,1,3.0,0.0,75.0,53.0,39.0,9.0,10.0,4.0,5.0,191.0
Juan Pablo Varillas,18,5.25,1.625,85.9375,48.4375,35.3125,20.375,13.5625,3.4375,5.75,185.0
Juncheng Shang,4,3.0,1.25,76.0,50.5,38.5,15.5,13.25,2.25,3.25,
Jurij Rodionov,6,7.0,2.75,73.75,43.5,35.0,17.5,12.0,1.75,2.25,191.0
Kaichi Uchida,1,3.0,1.0,49.0,26.0,22.0,16.0,9.0,3.0,3.0,180.0
Kaipo Marshall,1,,,,,,,,,,
Kamil Majchrzak,17,5.0,1.6,67.13333333333334,42.8,33.4,13.866666666666667,10.933333333333334,3.2,3.933333333333333,183.0
Karen Khachanov,60,9.05084745762712,2.23728813559322,86.69491525423729,55.69491525423729,42.6271186440678,17.06779661016949,13.898305084745763,3.8135593220338984,5.389830508474576,198.0
Karlis Ozolins,2,,,,,,,,,,
Kasidit Samrej,2,,,,,,,,,,
Kei Nishikori,2,2.0,1.5,76.0,52.5,40.0,13.5,11.5,2.5,3.5,178.0
Kevin Anderson,3,14.333333333333334,2.3333333333333335,57.0,38.666666666666664,32.666666666666664,11.0,9.666666666666666,2.3333333333333335,2.6666666666666665,203.0
Kyle Edmund,2,9.0,3.0,74.0,42.0,36.0,13.5,10.5,4.0,4.5,188.0
Laslo Djere,51,6.26530612244898,2.6530612244897958,74.36734693877551,46.02040816326531,35.02040816326531,15.89795918367347,11.63265306122449,3.326530612244898,4.510204081632653,188.0
Leandro Riedi,1,8.0,4.0,67.0,34.0,25.0,20.0,10.0,4.0,4.0,191.0
Leo Borg,1,3.0,2.0,65.0,42.0,34.0,13.0,11.0,2.0,3.0,183.0
Li Tu,1,4.0,2.0,70.0,44.0,34.0,16.0,11.0,1.0,2.0,180.0
Liam Broady,11,5.7272727272727275,3.090909090909091,96.63636363636364,57.0,40.90909090909091,21.181818181818183,15.090909090909092,4.636363636363637,7.2727272727272725,183.0
Lloyd Harris,12,14.75,1.8333333333333333,83.33333333333333,54.166666666666664,42.0,16.083333333333332,13.0,3.8333333333333335,4.583333333333333,193.0
Lorenzo Musetti,64,4.048387096774194,1.7741935483870968,72.74193548387096,46.193548387096776,34.193548387096776,15.290322580645162,11.85483870967742,3.0483870967741935,4.516129032258065,185.0
Lorenzo Sonego,47,5.644444444444445,1.5777777777777777,77.71111111111111,54.644444444444446,41.51111111111111,12.577777777777778,12.622222222222222,3.4,4.688888888888889,191.0
Luca Nardi,2,1.0,2.0,69.0,43.5,30.5,15.0,11.0,4.0,5.5,185.0
Luca Van Assche,8,2.625,2.625,84.25,49.625,34.0,18.875,13.125,5.125,8.375,
Lucas Pouille,4,6.5,5.75,94.0,54.5,40.25,20.5,13.25,7.5,9.0,185.0
Luciano Darderi,1,4.0,1.0,58.0,26.0,23.0,18.0,10.0,2.0,3.0,
Luis Carlos Alvarez Valdes,1,,,,,,,,,,
Mackenzie Mcdonald,53,5.788461538461538,1.8076923076923077,73.46153846153847,46.51923076923077,34.17307692307692,14.942307692307692,11.51923076923077,3.5,5.0576923076923075,178.0
Malek Jaziri,1,4.0,2.0,78.0,49.0,34.0,14.0,11.0,5.0,7.0,185.0
Manuel Guinard,4,6.0,3.25,91.0,59.0,39.75,15.75,13.75,7.5,11.25,
Marc Andrea Huesler,22,8.947368421052632,1.736842105263158,73.05263157894737,44.94736842105263,35.10526315789474,16.94736842105263,12.210526315789474,2.526315789473684,3.4210526315789473,196.0
Marcelo Arevalo,4,,,,,,,,,,191.0
Marco Cecchinato,15,4.133333333333334,2.1333333333333333,82.0,53.13333333333333,36.86666666666667,16.2,12.2,4.8,6.8,185.0
Marcos Giron,36,5.722222222222222,1.5277777777777777,73.86111111111111,45.02777777777778,34.861111111111114,16.63888888888889,12.11111111111111,2.7777777777777777,3.9722222222222223,180.0
Marin Cilic,34,12.5625,2.90625,79.71875,47.75,38.9375,17.65625,13.5,2.34375,3.5625,198.0
Martin Cuevas,1,,,,,,,,,,188.0
Marton Fucsovics,34,5.0,3.53125,86.375,52.9375,39.40625,18.6875,13.84375,3.53125,5.375,188.0
Matheus Pucinelli De Almeida,2,2.0,1.0,58.0,44.0,31.0,4.0,10.0,2.0,5.0,183.0
Matic Kriznik,1,,,,,,,,,,
Matija Pecotic,1,10.0,7.0,85.0,54.0,41.0,16.0,13.0,6.0,8.0,
Matteo Arnaldi,13,5.846153846153846,2.6923076923076925,82.92307692307692,47.61538461538461,34.61538461538461,19.692307692307693,13.0,4.923076923076923,6.769230769230769,183.0
Matteo Berrettini,44,12.825,2.05,83.725,54.425,43.925,16.1,14.025,2.925,3.95,196.0
Matwe Middelkoop,1,,,,,,,,,,191.0
Max Purcell,11,7.2727272727272725,2.090909090909091,72.72727272727273,44.54545454545455,33.27272727272727,16.454545454545453,12.181818181818182,3.3636363636363638,4.7272727272727275,185.0
Maxime Cressy,35,15.82857142857143,7.6571428571428575,82.17142857142858,50.57142857142857,41.714285714285715,18.34285714285714,13.628571428571428,2.6285714285714286,3.257142857142857,198.0
Maximilian Marterer,6,12.666666666666666,2.8333333333333335,95.83333333333333,59.166666666666664,47.833333333333336,20.5,16.0,3.1666666666666665,4.333333333333333,191.0
Menelaos Efstathiou,1,,,,,,,,,,
Michael Mmoh,14,7.214285714285714,4.071428571428571,97.71428571428571,64.57142857142857,46.5,17.857142857142858,15.142857142857142,5.285714285714286,7.428571428571429,188.0
Michail Pervolarakis,2,6.0,2.0,54.0,33.0,25.0,15.0,9.0,0.0,0.0,193.0
Mikael Ymer,35,2.4,3.2333333333333334,80.96666666666667,55.266666666666666,38.733333333333334,13.133333333333333,12.633333333333333,3.7666666666666666,6.066666666666666,183.0
Mikhail Kukushkin,1,0.0,1.0,78.0,44.0,28.0,21.0,10.0,11.0,12.0,183.0
Milos Raonic,4,23.75,4.75,88.75,56.0,49.5,18.0,14.75,3.0,3.5,196.0
Miomir Kecmanovic,58,4.678571428571429,1.4285714285714286,75.14285714285714,46.625,34.160714285714285,16.857142857142858,11.964285714285714,3.857142857142857,5.392857142857143,183.0
Mirza Basic,1,7.0,0.0,77.0,46.0,34.0,16.0,13.0,3.0,5.0,188.0
Mitchell Krueger,5,3.0,2.0,55.6,37.2,29.0,11.0,9.4,2.0,2.8,188.0
Moez Echargui,2,,,,,,,,,,180.0
Mohamed Safwat,4,3.5,2.5,62.0,36.5,28.5,14.0,11.0,1.5,3.0,183.0
Mousa Alkotop,1,,,,,,,,,,
Nam Hoang Ly,2,,,,,,,,,,
Nerman Fatic,1,,,,,,,,,,191.0
Nicholas David Ionel,2,,,,,,,,,,
Nick Hardt,1,,,,,,,,,,183.0
Nick Kyrgios,40,15.54054054054054,3.0,76.94594594594595,52.729729729729726,42.24324324324324,14.054054054054054,13.0,2.918918918918919,3.4864864864864864,193.0
Nicolas Alvarez Varona,1,6.0,4.0,68.0,41.0,31.0,15.0,11.0,6.0,8.0,
Nicolas Barrientos,1,,,,,,,,,,175.0
Nicolas Jarry,35,11.0,2.21875,83.5,54.21875,43.25,16.75,13.8125,2.75,3.84375,198.0
Nicolas Mejia,2,,,,,,,,,,185.0
Nikola Milojevic,1,1.0,1.0,70.0,44.0,31.0,16.0,11.0,2.0,4.0,188.0
Nikoloz Basilashvili,16,3.7333333333333334,3.2,81.4,47.666666666666664,35.2,19.066666666666666,13.333333333333334,3.3333333333333335,5.4,185.0
Norbert Gombos,2,5.0,4.0,91.0,56.5,42.0,20.0,16.5,3.0,5.5,193.0
Novak Djokovic,88,6.534883720930233,2.3255813953488373,77.66279069767442,50.104651162790695,39.616279069767444,16.046511627906977,13.011627906976743,2.7093023255813953,3.86046511627907,188.0
Nuno Borges,10,4.666666666666667,3.0,90.22222222222223,60.111111111111114,43.888888888888886,18.333333333333332,14.555555555555555,3.2222222222222223,5.0,185.0
Olaf Pieczkowski,2,,,,,,,,,,
Omni Kumar,2,4.0,2.0,69.5,37.0,28.5,19.5,11.0,1.5,2.0,
Oscar Otte,26,8.6,3.76,69.44,40.08,33.08,15.92,11.28,3.32,4.32,196.0
Osgar Ohoisin,1,,,,,,,,,,193.0
Otto Virtanen,1,,,,,,,,,,191.0
Pablo Andujar,9,1.7777777777777777,2.5555555555555554,68.44444444444444,45.333333333333336,30.555555555555557,12.555555555555555,10.88888888888889,3.5555555555555554,5.888888888888889,180.0
Pablo Carreno Busta,38,4.605263157894737,1.736842105263158,76.34210526315789,51.31578947368421,37.73684210526316,15.157894736842104,12.526315789473685,3.0,4.368421052631579,188.0
Pablo Cuevas,3,1.6666666666666667,1.0,80.0,51.0,37.0,18.0,12.666666666666666,3.0,4.666666666666667,180.0
Pablo Llamas Ruiz,1,1.0,2.0,98.0,71.0,53.0,12.0,15.0,4.0,6.0,
Pavel Kotov,10,3.3,3.0,78.1,50.1,36.6,14.2,12.3,2.4,4.5,191.0
Pedro Cachin,20,6.3,2.25,80.0,51.55,39.05,14.75,13.1,3.8,5.75,185.0
Pedro Martinez,24,2.2916666666666665,3.5,81.66666666666667,53.125,35.75,15.541666666666666,12.083333333333334,4.708333333333333,7.166666666666667,185.0
Peter Bertran,1,,,,,,,,,,183.0
Peter Gojowczyk,4,3.6666666666666665,5.333333333333333,68.33333333333333,35.333333333333336,24.666666666666668,16.666666666666668,10.0,4.333333333333333,6.333333333333333,185.0
Petros Chrysochos,2,2.0,0.0,69.0,43.0,32.0,13.0,10.0,5.0,7.0,185.0
Petros Tsitsipas,1,7.0,2.0,94.0,55.0,37.0,23.0,15.0,9.0,12.0,185.0
Philipp Kohlschreiber,1,10.0,3.0,93.0,65.0,58.0,16.0,17.0,1.0,1.0,178.0
Pierre Hugues Herbert,2,8.5,1.5,58.0,40.0,30.5,12.0,11.0,0.0,1.5,188.0
Prajnesh Gunneswaran,1,,,,,,,,,,188.0
Quentin Halys,17,13.294117647058824,2.9411764705882355,72.52941176470588,43.35294117647059,36.23529411764706,16.88235294117647,12.176470588235293,2.3529411764705883,2.823529411764706,191.0
Radu Albot,16,3.1875,3.0,82.25,54.1875,38.3125,14.3125,12.375,4.25,6.5,175.0
Rafael Nadal,41,4.975,3.4,89.225,58.25,42.95,17.2,14.6,3.85,6.05,185.0
Ramkumar Ramanathan,2,5.5,3.5,64.5,42.0,34.0,12.0,10.5,0.0,0.5,188.0
Raphael Calzi,1,,,,,,,,,,
Reilly Opelka,21,17.61904761904762,1.4761904761904763,76.0,50.19047619047619,42.23809523809524,16.333333333333332,13.047619047619047,1.619047619047619,2.0952380952380953,211.0
Ricardas Berankis,12,4.555555555555555,2.4444444444444446,86.11111111111111,52.55555555555556,40.55555555555556,18.666666666666668,14.333333333333334,1.5555555555555556,3.3333333333333335,175.0
Riccardo Bonadio,1,2.0,2.0,70.0,46.0,31.0,16.0,10.0,0.0,1.0,
Richard Gasquet,41,6.026315789473684,3.026315789473684,82.3157894736842,48.26315789473684,36.578947368421055,18.92105263157895,13.078947368421053,3.5526315789473686,5.2894736842105265,185.0
Rigele Te,1,,,,,,,,,,
Rinky Hijikata,11,6.2727272727272725,3.909090909090909,99.63636363636364,58.45454545454545,42.90909090909091,20.454545454545453,14.727272727272727,5.181818181818182,7.636363636363637,
Rio Noguchi,1,1.0,4.0,95.0,67.0,52.0,13.0,15.0,5.0,7.0,
Robert Strombachs,1,,,,,,,,,,191.0
Roberto Bautista Agut,55,3.372549019607843,1.2549019607843137,69.84313725490196,46.23529411764706,34.588235294117645,14.470588235294118,11.627450980392156,2.411764705882353,3.627450980392157,183.0
Roberto Carballes Baena,30,2.3666666666666667,2.8666666666666667,77.3,50.56666666666667,35.36666666666667,14.9,11.9,4.333333333333333,6.233333333333333,183.0
Robin Haase,2,8.0,2.0,73.0,41.0,31.0,17.5,12.0,0.5,2.5,190.0
Roman Safiullin,20,7.1,3.35,80.25,51.45,40.0,15.9,13.0,3.35,4.8,185.0
Rowland Phillips,2,3.0,3.0,84.0,49.0,36.0,19.0,14.0,3.0,5.0,
Ryan Peniston,6,4.333333333333333,2.6666666666666665,85.0,55.0,39.5,16.666666666666668,12.833333333333334,3.3333333333333335,5.0,
Saba Purtseladze,1,,,,,,,,,,
Sam Querrey,4,14.5,4.75,80.0,46.75,37.75,17.5,12.5,1.5,2.25,198.0
Sanjar Fayziev,1,11.0,0.0,105.0,56.0,40.0,25.0,16.0,4.0,6.0,188.0
Sebastian Baez,54,2.388888888888889,1.5925925925925926,74.66666666666667,53.96296296296296,37.31481481481482,11.796296296296296,11.88888888888889,3.685185185185185,5.685185185185185,170.0
Sebastian Korda,50,7.08,2.3,79.96,51.12,37.84,15.2,12.34,3.66,5.32,196.0
Sebastian Ofner,7,8.0,4.857142857142857,117.0,65.85714285714286,46.857142857142854,23.714285714285715,17.571428571428573,7.142857142857143,12.0,191.0
Seong Chan Hong,1,,,,,,,,,,
Sergey Fomin,2,,,,,,,,,,
Sho Shimabukuro,2,7.0,3.0,50.0,30.0,27.0,11.0,10.0,0.0,1.0,
Simon Carr,1,,,,,,,,,,
Soon Woo Kwon,27,6.739130434782608,3.217391304347826,79.82608695652173,47.30434782608695,36.43478260869565,17.043478260869566,12.565217391304348,3.8260869565217392,5.521739130434782,180.0
Stan Wawrinka,32,9.225806451612904,1.6451612903225807,85.51612903225806,48.03225806451613,38.225806451612904,21.870967741935484,13.838709677419354,3.6774193548387095,4.870967741935484,183.0
Stefan Kozlov,4,2.75,4.5,98.25,74.0,49.25,14.0,14.25,7.5,9.75,183.0
Stefano Travaglia,3,10.333333333333334,2.3333333333333335,88.66666666666667,46.666666666666664,38.333333333333336,23.666666666666668,13.666666666666666,2.0,2.6666666666666665,185.0
Stefanos Sakellaridis,1,8.0,1.0,86.0,50.0,37.0,21.0,14.0,4.0,5.0,
Stefanos Tsitsipas,101,7.65979381443299,2.11340206185567,79.81443298969072,51.25773195876289,40.36082474226804,16.49484536082474,13.309278350515465,2.7938144329896906,4.010309278350515,193.0
Steve Johnson,19,10.277777777777779,3.2222222222222223,78.94444444444444,44.0,36.72222222222222,20.27777777777778,13.055555555555555,2.6666666666666665,3.5,188.0
Sumit Nagal,2,,,,,,,,,,178.0
Sylvestre Monnou,1,5.0,5.0,70.0,32.0,28.0,17.0,10.0,4.0,5.0,
Tallon Griekspoor,46,8.69047619047619,2.7142857142857144,79.33333333333333,51.357142857142854,39.976190476190474,15.357142857142858,12.952380952380953,2.9047619047619047,4.285714285714286,188.0
Taro Daniel,23,4.826086956521739,1.2608695652173914,72.3913043478261,44.43478260869565,32.65217391304348,16.043478260869566,11.782608695652174,3.0,4.739130434782608,191.0
Taylor Fritz,96,9.75,2.3152173913043477,75.02173913043478,45.93478260869565,36.858695652173914,16.48913043478261,12.445652173913043,2.717391304347826,3.847826086956522,193.0
Thanasi Kokkinakis,31,12.433333333333334,1.9,81.86666666666666,54.13333333333333,43.43333333333333,14.8,13.433333333333334,2.7,3.9,196.0
Thiago Agustin Tirante,2,1.5,0.5,96.0,68.5,43.0,18.5,14.5,7.5,10.0,185.0
Thiago Monteiro,23,7.0,1.5,74.86363636363636,50.86363636363637,38.68181818181818,14.0,12.590909090909092,2.227272727272727,3.5454545454545454,183.0
Thiago Seyboth Wild,4,6.25,4.75,114.0,65.25,44.5,27.25,17.25,6.0,9.25,185.0
Tim Van Rijthoven,11,15.0,3.7,90.8,57.9,47.9,19.6,15.2,3.0,4.0,188.0
Timofey Skatov,2,3.0,1.0,78.0,55.0,44.0,11.0,10.0,5.0,5.0,173.0
Titouan Droguet,1,10.0,6.0,153.0,91.0,59.0,35.0,23.0,6.0,11.0,
Tomas Barrios Vera,3,3.0,2.0,103.66666666666667,65.33333333333333,45.666666666666664,22.333333333333332,15.666666666666666,5.333333333333333,7.333333333333333,191.0
Tomas Machac,7,4.2,1.8,81.8,52.0,36.6,14.8,11.8,7.8,9.4,183.0
Tomas Martin Etcheverry,26,5.538461538461538,1.6538461538461537,80.6923076923077,53.53846153846154,39.19230769230769,15.076923076923077,12.961538461538462,4.461538461538462,6.153846153846154,196.0
Tommy Paul,74,5.746478873239437,2.3661971830985915,81.54929577464789,50.690140845070424,38.16901408450704,16.87323943661972,13.028169014084508,3.563380281690141,5.211267605633803,185.0
Tung Lin Wu,3,0.0,2.0,61.0,40.0,31.0,13.0,10.0,1.0,1.0,188.0
Ugo Humbert,27,7.0,2.64,80.16,50.24,37.04,16.24,12.8,3.64,5.32,188.0
Valentin Vacherot,1,,,,,,,,,,
Vasek Pospisil,5,13.5,2.0,76.0,44.25,37.75,16.0,12.25,1.75,2.25,193.0
Viacheslav Bielinskyi,1,,,,,,,,,,
Viktor Durasovic,1,,,,,,,,,,185.0
Vilius Gaubas,1,,,,,,,,,,
Vit Kopriva,2,2.5,0.5,52.0,33.0,23.5,12.0,8.5,3.0,4.0,178.0
Vladyslav Orlov,1,,,,,,,,,,
Yannick Hanfmann,26,5.384615384615385,1.5,74.26923076923077,49.57692307692308,36.57692307692308,13.884615384615385,12.076923076923077,3.576923076923077,4.961538461538462,193.0
Yibing Wu,15,5.533333333333333,2.533333333333333,94.0,58.4,42.266666666666666,20.733333333333334,14.866666666666667,3.1333333333333333,5.0,183.0
Yoshihito Nishioka,32,2.25,1.75,84.65625,57.125,38.3125,16.1875,13.15625,3.6875,6.0,170.0
Yosuke Watanuki,10,10.4,3.7,80.8,47.2,37.0,17.5,12.4,3.5,4.8,180.0
Yshai Oliel,1,,,,,,,,,,188.0
Yu Hsiou Hsu,1,7.0,1.0,112.0,75.0,60.0,22.0,19.0,6.0,7.0,
Yuki Bhambri,2,3.0,4.0,100.0,57.5,41.0,21.5,13.0,10.0,12.0,183.0
Yuttana Charoenphon,2,,,,,,,,,,
Zachary Svajda,1,10.0,0.0,117.0,71.0,48.0,27.0,17.0,11.0,15.0,175.0
Zdenek Kolar,1,4.0,8.0,147.0,95.0,68.0,21.0,21.0,5.0,9.0,185.0
Zhizhen Zhang,20,6.555555555555555,2.2222222222222223,90.0,57.72222222222222,42.27777777777778,18.11111111111111,14.055555555555555,3.7777777777777777,5.944444444444445,193.0
Zizou Bergs,4,7.666666666666667,2.0,78.0,53.333333333333336,41.0,14.0,12.666666666666666,2.3333333333333335,3.3333333333333335,185.0
Zsombor Piros,3,2.0,0.0,61.0,39.0,30.0,15.0,10.0,4.0,4.0,180.0
Zura Tkemaladze,1,,,,,,,,,,188.0
